machine,app,ranks,PAPI_BR_INS,PAPI_LD_INS,PAPI_SR_INS,PAPI_TOT_INS,PAPI_L1_LDM,PAPI_L1_STM,PAPI_L2_LDM,PAPI_L2_STM,FP_ARITH:SCALAR_SINGLE,FP_ARITH:SCALAR_DOUBLE,ARITH,IO Bytes Read,IO Bytes Written,PAPI_MEM_WCY,rp_quartz_Ruby
quartz,kripke.exe,1,7111111.111,46305555.56,11166666.67,98944444.44,1722222.222,1666666.667,83333.33333,83333.33333,6.25,26038075.93,26638959.25,525.0555556,30141.91667,11777777.78,1
quartz,kripke.exe,1,12416666.67,73916666.67,17916666.67,165555555.6,1750000,2388888.889,83333.33333,83333.33333,9.152777778,38292887.64,26702311.21,525.0555556,30141.91667,11916666.67,0.750750751
quartz,kripke.exe,1,21527777.78,120250000,29166666.67,277444444.4,2472222.222,3583333.333,138888.8889,111111.1111,22,58800006.71,26588580.17,525.0555556,30141.91667,11750000,0.799519808
quartz,kripke.exe,1,34333333.33,185222222.2,44916666.67,434333333.3,2833333.333,5250000,138888.8889,111111.1111,19,87480035.36,26651083.21,525.0555556,30141.91667,12694444.44,0.714408233
quartz,kripke.exe,1,50722222.22,268611111.1,65166666.67,635722222.2,3055555.556,7444444.444,166666.6667,111111.1111,5.055555556,124326588.8,26606524.21,525.0555556,30141.91667,12750000,0.750187547
quartz,kripke.exe,1,15583333.33,99138888.89,23166666.67,211944444.4,3472222.222,3388888.889,166666.6667,194444.4444,11.29166667,53147028.29,53375364.1,525.0555556,30141.91667,23694444.44,0.666
quartz,kripke.exe,1,31833333.33,175833333.3,39388888.89,392861111.1,3527777.778,4972222.222,166666.6667,222222.2222,15.02777778,81357435.72,53461721.04,525.0555556,30141.91667,23305555.56,0.714408233
quartz,kripke.exe,1,59111111.11,303944444.4,66388888.89,695000000,4527777.778,7555555.556,250000,222222.2222,9.555555556,128256375,53200544.01,525.0555556,30141.91667,24777777.78,0.636115657
quartz,kripke.exe,1,97388888.89,483472222.2,104250000,1118444444,5222222.222,11111111.11,250000,222222.2222,12.22222222,194015103.1,53270869.19,525.0555556,30141.91667,26027777.78,0.75
quartz,kripke.exe,1,146222222.2,713750000,152805555.6,1661611111,6750000,15805555.56,361111.1111,222222.2222,8.527777778,278576985,53176580.24,525.0555556,30141.91667,26277777.78,0.764560537
quartz,kripke.exe,1,3361111.111,22305555.56,5500000,47611111.11,861111.1111,833333.3333,27777.77778,27777.77778,12.40277778,12862179.61,13461422.29,525.0555556,30141.91667,4388888.889,0.666
quartz,kripke.exe,1,5500000,33666666.67,8527777.778,75638888.89,916666.6667,1166666.667,27777.77778,55555.55556,6.319444444,18540896.81,13417601.01,525.0555556,30141.91667,4750000,1
quartz,kripke.exe,1,8861111.111,52361111.11,13583333.33,121611111.1,1027777.778,1750000,27777.77778,27777.77778,14.625,28034570.5,13403595.24,525.0555556,30141.91667,5222222.222,1
quartz,kripke.exe,1,13638888.89,78555555.56,20666666.67,186138888.9,1194444.444,2555555.556,55555.55556,55555.55556,15.18055556,41330944.85,13505054.47,525.0555556,30141.91667,5388888.889,0.750750751
quartz,kripke.exe,1,19805555.56,112333333.3,29777777.78,269333333.3,1222222.222,3583333.333,55555.55556,55555.55556,13.68055556,58454699.14,13503800.21,525.0555556,30141.91667,6611111.111,0.600240096
quartz,kripke.exe,1,4250000,43416666.67,8500000,79888888.89,1722222.222,1333333.333,83333.33333,55555.55556,12.97222222,25978649.74,26698371.32,525.0555556,30141.91667,11750000,0.666
quartz,kripke.exe,1,9722222.222,71194444.44,15250000,147027777.8,1750000,2055555.556,83333.33333,55555.55556,15.125,38264744.6,26719690.64,525.0555556,30141.88889,11805555.56,1
quartz,kripke.exe,1,18833333.33,117555555.6,26500000,258972222.2,2250000,3277777.778,111111.1111,55555.55556,7.097222222,58744543.36,26646447.69,525.0555556,30141.90278,12416666.67,1
quartz,kripke.exe,1,31638888.89,182500000,42250000,415805555.6,2777777.778,4916666.667,138888.8889,83333.33333,12.65277778,87460624.51,26671234.03,525.0555556,30141.90278,12944444.44,0.666
quartz,kripke.exe,1,47972222.22,265861111.1,62500000,617138888.9,3138888.889,7111111.111,138888.8889,83333.33333,15.72222222,124297125.8,26630040.39,525.0555556,30141.90278,12750000,0.857632933
quartz,kripke.exe,1,10138888.89,93638888.89,17861111.11,174777777.8,3472222.222,2722222.222,166666.6667,138888.8889,5.861111111,53147536,53223598.9,525.0555556,30141.90278,23888888.89,0.799519808
quartz,kripke.exe,1,26472222.22,170472222.2,34083333.33,356027777.8,3527777.778,4305555.556,166666.6667,138888.8889,12.26388889,81298853.36,53468114.29,525.0555556,30141.90278,23583333.33,0.833
quartz,kripke.exe,1,53805555.56,298666666.7,61083333.33,658361111.1,4638888.889,6888888.889,250000,138888.8889,18.98611111,128324803.4,53079523.13,525.0555556,30141.90278,24500000,0.777333333
quartz,kripke.exe,1,91944444.44,477916666.7,98944444.44,1081111111,5416666.667,10444444.44,250000,138888.8889,6.027777778,194051921.3,53279896.51,525.0555556,30141.90278,25500000,0.833
quartz,kripke.exe,1,141027777.8,708527777.8,147583333.3,1625055556,6444444.444,15138888.89,305555.5556,166666.6667,20.83333333,278622658,53198950.07,525.0555556,30141.90278,26722222.22,0.764560537
quartz,kripke.exe,1,2027777.778,20972222.22,4166666.667,38416666.67,861111.1111,666666.6667,27777.77778,27777.77778,14.5,12872818.07,13456811,525.0555556,30141.91667,4305555.556,0.666
quartz,kripke.exe,1,4250000,32444444.44,7222222.222,66666666.67,916666.6667,1000000,0,27777.77778,9.111111111,18580790.97,13372209.97,525.0555556,30141.90278,4500000,0.666
quartz,kripke.exe,1,7472222.222,50944444.44,12250000,112222222.2,1027777.778,1583333.333,27777.77778,27777.77778,15.69444444,28047422.92,13349763.82,525.0555556,30141.90278,5138888.889,1
quartz,kripke.exe,1,12333333.33,77250000,19333333.33,177027777.8,1166666.667,2388888.889,55555.55556,27777.77778,16.44444444,41322060.11,13547837.53,525.0555556,30141.90278,5555555.556,0.750750751
quartz,kripke.exe,1,18472222.22,110972222.2,28444444.44,260111111.1,1194444.444,3416666.667,55555.55556,27777.77778,18.73611111,58414166.5,13376750.07,525.0555556,30141.90278,6444444.444,1
quartz,kripke.exe,1,10333333.33,69027777.78,16666666.67,147111111.1,2611111.111,2500000,138888.8889,166666.6667,15.44444444,38982378.61,40003114.43,525.0555556,30141.91667,17583333.33,0.799519808
quartz,kripke.exe,1,18527777.78,110722222.2,26805555.56,247805555.6,2611111.111,3611111.111,138888.8889,166666.6667,8.263888889,57388885.83,40122774.61,525.0555556,30141.91667,18388888.89,0.799519808
quartz,kripke.exe,1,32194444.44,180277777.8,43666666.67,415750000,3361111.111,5416666.667,194444.4444,166666.6667,23.97222222,88105967.56,40015440.9,525.0555556,30141.91667,18333333.33,0.833
quartz,kripke.exe,1,51388888.89,277638888.9,67305555.56,650916666.7,4111111.111,7888888.889,222222.2222,166666.6667,15.09722222,131111380.2,39967596.39,525.0555556,30141.91667,18944444.44,0.777333333
quartz,kripke.exe,1,75916666.67,402750000,97666666.67,952972222.2,5027777.778,11166666.67,277777.7778,166666.6667,13.70833333,186412936.2,40095916.82,525.0555556,30141.91667,19388888.89,0.727223131
quartz,kripke.exe,1,23111111.11,148333333.3,34638888.89,316750000,5222222.222,5083333.333,277777.7778,333333.3333,11.77777778,79680088.82,80107011.89,525.0555556,30141.91667,34972222.22,0.750187547
quartz,kripke.exe,1,47666666.67,263638888.9,58972222.22,588750000,5333333.333,7444444.444,277777.7778,333333.3333,6.736111111,121952639.6,80311984.07,525.0555556,30141.91667,36000000,0.727223131
quartz,kripke.exe,1,88555555.56,455777777.8,99500000,1041861111,7027777.778,11333333.33,388888.8889,333333.3333,16.13888889,192423212.9,79811776.69,525.0555556,30141.91667,37416666.67,0.769159741
quartz,kripke.exe,1,145638888.9,724666666.7,156194444.4,1676166667,8500000,16694444.44,444444.4444,361111.1111,14.04166667,291037652.9,80022450.79,525.0555556,30141.91667,36500000,0.833333333
quartz,kripke.exe,1,219416666.7,1070722222,229194444.4,2492388889,12027777.78,23722222.22,694444.4444,333333.3333,5.652777778,417839570.5,79813875.29,525.0555556,30141.91667,39555555.56,0.83325
quartz,kripke.exe,1,4916666.667,33333333.33,8194444.444,71000000,1277777.778,1250000,55555.55556,55555.55556,7.722222222,19257774.39,20128755.43,525.0555556,30141.91667,6861111.111,0.666
quartz,kripke.exe,1,8222222.222,50444444.44,12777777.78,113222222.2,1388888.889,1750000,55555.55556,83333.33333,15.04166667,27799334.6,20108859.17,525.0555556,30141.91667,6666666.667,0.666
quartz,kripke.exe,1,13138888.89,78305555.56,20333333.33,181833333.3,1555555.556,2611111.111,55555.55556,83333.33333,13.27777778,42028188.75,20049906.07,525.0555556,30141.91667,8305555.556,0.750750751
quartz,kripke.exe,1,20388888.89,117750000,30972222.22,278944444.4,1777777.778,3833333.333,83333.33333,83333.33333,22.94444444,61953500.93,20109043.28,525.0555556,30141.91667,8277777.778,0.600240096
quartz,kripke.exe,1,29527777.78,168222222.2,44611111.11,403250000,1805555.556,5388888.889,83333.33333,83333.33333,7.069444444,87584204.64,20097952.42,525.0555556,30141.91667,9583333.333,0.714408233
quartz,kripke.exe,1,6416666.667,65138888.89,12694444.44,119833333.3,2611111.111,2027777.778,111111.1111,111111.1111,13.05555556,38967764.56,40080400.28,525.0555556,30141.91667,18055555.56,0.750750751
quartz,kripke.exe,1,14527777.78,106750000,22805555.56,220277777.8,2611111.111,3111111.111,138888.8889,111111.1111,10.65277778,57371496.08,40294292.21,525.0555556,30141.91667,18555555.56,0.600240096
quartz,kripke.exe,1,28194444.44,176250000,39694444.44,388111111.1,3333333.333,4916666.667,166666.6667,111111.1111,25.23611111,88161573.97,39799769.22,525.0555556,30141.90278,18277777.78,0.714408233
quartz,kripke.exe,1,47388888.89,273638888.9,63333333.33,623277777.8,4055555.556,7388888.889,222222.2222,111111.1111,9.194444444,131130710.2,40031733.97,525.0555556,30141.91667,18916666.67,0.666666667
quartz,kripke.exe,1,71916666.67,398694444.4,93694444.44,925305555.6,4611111.111,10694444.44,250000,138888.8889,23.06944444,186440206.9,39972555.1,525.0555556,30141.90278,19694444.44,0.6665
quartz,kripke.exe,1,15138888.89,140388888.9,26694444.44,261750000,5222222.222,4111111.111,277777.7778,222222.2222,17.26388889,79659434.43,80065413.61,525.0555556,30141.91667,35638888.89,0.714408233
quartz,kripke.exe,1,39694444.44,255694444.4,51027777.78,533694444.4,5277777.778,6472222.222,277777.7778,222222.2222,13.58333333,121944646.3,80191592.35,525.0555556,30141.91667,36166666.67,0.87471868
quartz,kripke.exe,1,80500000,447722222.2,91527777.78,986583333.3,6833333.333,10333333.33,388888.8889,222222.2222,19.77777778,192379540,79726488.4,525.0555556,30141.90278,37777777.78,0.714102015
quartz,kripke.exe,1,137777777.8,716750000,148277777.8,1621111111,8777777.778,15694444.44,472222.2222,250000,13.41666667,291034622,79841346.47,525.0555556,30141.91667,37638888.89,0.764560537
quartz,kripke.exe,1,211388888.9,1062611111,221250000,2436805556,10055555.56,22750000,500000,250000,6.569444444,417823476.7,80370393.15,525.0555556,30141.91667,38861111.11,0.759961594
quartz,kripke.exe,1,2972222.222,31388888.89,6194444.444,57388888.89,1277777.778,1000000,55555.55556,27777.77778,11.48611111,19273593.67,20051317.79,525.0555556,30141.91667,6611111.111,1
quartz,kripke.exe,1,6055555.556,48250000,10750000,98916666.67,1388888.889,1500000,55555.55556,55555.55556,15.52777778,27840316.25,20041662.1,525.0555556,30141.91667,6611111.111,0.666
quartz,kripke.exe,1,11277777.78,76472222.22,18361111.11,168472222.2,1555555.556,2388888.889,55555.55556,55555.55556,12.30555556,42044875.97,20129171.14,525.0555556,30141.91667,7805555.556,0.750750751
quartz,kripke.exe,1,18333333.33,115666666.7,28972222.22,264944444.4,1777777.778,3583333.333,83333.33333,55555.55556,15.23611111,61991615.15,20171684.69,525.0555556,30141.91667,8333333.333,0.600240096
quartz,kripke.exe,1,27583333.33,166305555.6,42638888.89,389694444.4,1805555.556,5166666.667,83333.33333,55555.55556,15.11111111,87636346.26,20256531.85,525.0555556,30141.91667,9638888.889,0.714408233
quartz,kripke.exe,1,16611111.11,173055555.6,33666666.67,317444444.4,6944444.444,5444444.444,361111.1111,305555.5556,19.48611111,103799327.6,106817349.6,525.0555556,30141.91667,48611111.11,0.600240096
quartz,kripke.exe,1,38361111.11,284138888.9,60638888.89,585638888.9,7000000,8361111.111,361111.1111,305555.5556,9.847222222,152953145.3,107034039.8,525.0555556,30141.91667,48777777.78,0.636115657
quartz,kripke.exe,1,74833333.33,469527777.8,105666666.7,1033277778,9055555.556,13166666.67,527777.7778,333333.3333,14.16666667,234894276.8,106296212.6,525.0555556,30141.91667,46222222.22,0.624906227
quartz,kripke.exe,1,125888888.9,729083333.3,168694444.4,1660083333,11361111.11,19805555.56,638888.8889,333333.3333,15.70833333,349624439.3,106516160.8,525.0555556,30141.91667,47916666.67,0.736891977
quartz,kripke.exe,1,191416666.7,1062722222,249666666.7,2465722222,12138888.89,28555555.56,666666.6667,361111.1111,13.27777778,497069201.3,106381094,525.0555556,30141.91667,53083333.33,0.73067159
quartz,kripke.exe,1,39972222.22,373805555.6,70833333.33,695777777.8,13916666.67,11027777.78,722222.2222,611111.1111,8.402777778,212423965.6,213559811.7,525.0555556,30141.91667,93833333.33,0.6664
quartz,kripke.exe,1,105472222.2,681333333.3,135694444.4,1421166667,14138888.89,17333333.33,750000,638888.8889,13.18055556,325156465.8,213838768.1,525.0555556,30141.91667,96138888.89,0.761714286
quartz,kripke.exe,1,214444444.4,1193583333,243777777.8,2629333333,18277777.78,27666666.67,1000000,638888.8889,9.25,513012041.6,212515580.9,525.0555556,30141.91667,98250000,0.8
quartz,kripke.exe,1,366972222.2,1910972222,394972222.2,4321527778,22250000,41944444.44,1166666.667,694444.4444,6.305555556,776023257.9,213083220.5,525.0555556,30141.91667,101250000,0.772671485
quartz,kripke.exe,1,563222222.2,2833055556,589611111.1,6496194444,30750000,60750000,1416666.667,694444.4444,14.76388889,1114194807,212622605.8,525.0555556,30141.91667,100527777.8,0.774218523
quartz,kripke.exe,1,7583333.333,83194444.44,16416666.67,151555555.6,3444444.444,2694444.444,166666.6667,138888.8889,22.36111111,51335479.01,53461543.85,525.0555556,30141.91667,18416666.67,1
quartz,kripke.exe,1,15750000,128138888.9,28555555.56,262222222.2,3694444.444,4083333.333,194444.4444,138888.8889,15.04166667,74126649.26,53360339.44,525.0555556,30141.91667,18972222.22,0.666
quartz,kripke.exe,1,29416666.67,203055555.6,48805555.56,446722222.2,4166666.667,6388888.889,194444.4444,138888.8889,11.11111111,112091281.4,53423191.64,525.0555556,30141.91667,21222222.22,0.857632933
quartz,kripke.exe,1,48583333.33,308027777.8,77138888.89,705222222.2,4750000,9611111.111,250000,166666.6667,7.833333333,165223552.8,53724425.58,525.0555556,30141.91667,21944444.44,0.699879952
quartz,kripke.exe,1,73250000,443027777.8,113583333.3,1037694444,4944444.444,13777777.78,222222.2222,166666.6667,10.56944444,233498969.3,53610395.5,525.0555556,30141.91667,25722222.22,0.75
quartz,kripke.exe,1,3666666.667,23305555.56,5638888.889,49944444.44,861111.1111,833333.3333,27777.77778,27777.77778,15.68055556,13013510.69,13287588.74,525.0555556,30141.91667,5638888.889,1
quartz,kripke.exe,1,6333333.333,37111111.11,9027777.778,83250000,861111.1111,1194444.444,27777.77778,55555.55556,11.625,19171340.54,13378544.86,525.0555556,30141.91667,5888888.889,0.666
quartz,kripke.exe,1,10888888.89,60277777.78,14638888.89,139250000,1138888.889,1777777.778,55555.55556,55555.55556,15.38888889,29398936.15,13232018.47,525.0555556,30141.90278,5944444.444,0.750750751
quartz,kripke.exe,1,17222222.22,92666666.67,22500000,217472222.2,1250000,2611111.111,55555.55556,55555.55556,17.18055556,43737331.31,13260889.43,525.0555556,30141.91667,6250000,0.600240096
quartz,kripke.exe,1,25444444.44,134444444.4,32638888.89,318277777.8,1527777.778,3694444.444,83333.33333,55555.55556,13.25,62185984.54,13404889.53,525.0555556,30141.91667,6166666.667,0.799519808
quartz,kripke.exe,1,7944444.444,49750000,11694444.44,106638888.9,1722222.222,1666666.667,83333.33333,83333.33333,19.125,26622280,26613367.4,525.0555556,30141.91667,11583333.33,0.750750751
quartz,kripke.exe,1,16222222.22,88305555.56,19833333.33,197666666.7,1750000,2444444.444,83333.33333,83333.33333,15.31944444,40738410.63,26683038.19,525.0555556,30141.91667,11694444.44,0.750750751
quartz,kripke.exe,1,29638888.89,152111111.1,33305555.56,348083333.3,2305555.556,3750000,111111.1111,83333.33333,15.81944444,64210045.06,26461983.74,525.0555556,30141.91667,12083333.33,0.833
quartz,kripke.exe,1,48750000,241777777.8,52222222.22,559583333.3,2666666.667,5527777.778,111111.1111,111111.1111,25.36111111,97030809.64,26672848.75,525.0555556,30141.90278,12611111.11,0.857632933
quartz,kripke.exe,1,73277777.78,357111111.1,76527777.78,831555555.6,3555555.556,7861111.111,194444.4444,111111.1111,12.48611111,139358003.6,26590756.44,525.0555556,30141.91667,12888888.89,0.699879952
quartz,kripke.exe,1,1777777.778,11305555.56,2777777.778,24250000,416666.6667,388888.8889,0,0,15.23611111,6458844.583,6740388.528,525.0555556,30141.90278,2194444.444,0.332
quartz,kripke.exe,1,2805555.556,16916666.67,4305555.556,38111111.11,444444.4444,583333.3333,0,0,11.94444444,9283094.181,6781823.431,525.0555556,30141.90278,2194444.444,1
quartz,kripke.exe,1,4583333.333,26361111.11,6833333.333,61388888.89,500000,861111.1111,0,27777.77778,11.61111111,14031503.42,6672082.292,525.0555556,30141.91667,2555555.556,0.666
quartz,kripke.exe,1,7027777.778,39555555.56,10388888.89,93833333.33,583333.3333,1250000,27777.77778,27777.77778,21.80555556,20709845.14,6707951.653,525.0555556,30141.91667,2555555.556,1
quartz,kripke.exe,1,10055555.56,56361111.11,14944444.44,135250000,583333.3333,1777777.778,27777.77778,27777.77778,14,29275458.11,6592343.681,525.0555556,30141.91667,3138888.889,1
quartz,kripke.exe,1,2250000,21861111.11,4305555.556,40472222.22,861111.1111,666666.6667,27777.77778,27777.77778,18.70833333,13045972.38,13357888.68,525.0555556,30141.91667,5750000,0.498498498
quartz,kripke.exe,1,5111111.111,35916666.67,7694444.444,74472222.22,861111.1111,1027777.778,27777.77778,27777.77778,9.680555556,19174145.72,13323028.07,525.0555556,30141.90278,5861111.111,0.666
quartz,kripke.exe,1,9555555.556,58972222.22,13305555.56,130083333.3,1111111.111,1611111.111,55555.55556,27777.77778,4.305555556,29436712.22,13251835.6,525.0555556,30141.90278,5638888.889,1
quartz,kripke.exe,1,16000000,91500000,21194444.44,208722222.2,1250000,2444444.444,55555.55556,27777.77778,13.41666667,43756444.24,13285598.47,525.0555556,30141.91667,6166666.667,0.750750751
quartz,kripke.exe,1,24277777.78,133305555.6,31333333.33,309638888.9,1666666.667,3527777.778,83333.33333,27777.77778,3.847222222,62203809.68,13375100.53,525.0555556,30141.90278,6388888.889,1
quartz,kripke.exe,1,5250000,47055555.56,9055555.556,88222222.22,1722222.222,1333333.333,83333.33333,55555.55556,21.18055556,26585128.22,26766810.6,525.0555556,30141.91667,11888888.89,0.666
quartz,kripke.exe,1,13583333.33,85666666.67,17166666.67,179333333.3,1750000,2138888.889,83333.33333,55555.55556,13.33333333,40702451.38,26724090.72,525.0555556,30141.90278,11861111.11,0.600240096
quartz,kripke.exe,1,26972222.22,149416666.7,30666666.67,329638888.9,2222222.222,3416666.667,111111.1111,55555.55556,16.48611111,64141582.83,26628645.38,525.0555556,30141.91667,12305555.56,0.799519808
quartz,kripke.exe,1,46055555.56,239111111.1,49555555.56,541166666.7,2833333.333,5194444.444,138888.8889,55555.55556,4.319444444,97086100.24,26672454.13,525.0555556,30141.91667,12083333.33,0.555333333
quartz,kripke.exe,1,70611111.11,354388888.9,73888888.89,813083333.3,3333333.333,7555555.556,166666.6667,83333.33333,11.27777778,139338820.7,26663306.61,525.0555556,30141.91667,13138888.89,0.777333333
quartz,kripke.exe,1,1277777.778,10833333.33,2138888.889,20166666.67,416666.6667,305555.5556,0,0,12.20833333,6478693.278,6722623.153,525.0555556,30141.91667,2083333.333,0.498498498
quartz,kripke.exe,1,2166666.667,16277777.78,3638888.889,33527777.78,444444.4444,500000,0,0,13.47222222,9287385.375,6729215.083,525.0555556,30141.90278,2166666.667,1
quartz,kripke.exe,1,3888888.889,25666666.67,6166666.667,56694444.44,500000,777777.7778,0,0,9.25,14047894.49,6659738.306,525.0555556,30141.90278,2555555.556,1
quartz,kripke.exe,1,6250000,38750000,9722222.222,88888888.89,583333.3333,1166666.667,27777.77778,0,12.77777778,20695062.33,6704824.375,525.0555556,30141.90278,2555555.556,1
quartz,kripke.exe,1,9305555.556,55611111.11,14250000,130444444.4,583333.3333,1694444.444,27777.77778,0,23.75,29214884.46,6754834.958,525.0555556,30141.88889,3222222.222,0.666
